<?xml version="1.0" encoding="UTF-8"?>
<feature
      id="org.eclipse.gef.sdk"
      label="%featureName"
      version="3.1.1"
      provider-name="%providerName"
      plugin="org.eclipse.gef.source"
      image="eclipse_update_120.jpg">

   <description>
      %description
   </description>

   <license url="%licenseURL">
      %license
   </license>

   <url>
      <update
         url="http://update.eclipse.org/updates/3.0"
         label="%updateSiteName">
      </update>
   </url>

  <includes id="org.eclipse.gef" version="3.1.1" /> 
  <includes id="org.eclipse.gef.source" version="3.1.1" /> 


</feature>
