<?xml version="1.0" encoding="UTF-8"?>
<feature
      id="org.eclipse.gef.examples"
      label="%featureName"
      version="3.1.1"
      provider-name="%providerName"
      plugin="org.eclipse.gef.examples.source"
      image="eclipse_update_120.jpg">

   <description>
      %description
   </description>

   <license>
      %license
   </license>

   <url>
      <update
         url="http://update.eclipse.org/updates/3.0"
         label="%updateSiteName">
      </update>
   </url>

   <requires>
      <import plugin="org.eclipse.gef" version="3.1.0" match="compatible"/>
   </requires>

   <plugin
         id="org.eclipse.gef.examples.logic"
         download-size="0"
         install-size="0"
         version="3.1.1"
         unpack="false">
   </plugin>

   <plugin
         id="org.eclipse.gef.examples.flow"
         download-size="0"
         install-size="0"
         version="3.1.1"
         unpack="false">
   </plugin>
   
   <plugin
         id="org.eclipse.gef.examples.shapes"
         download-size="0"
         install-size="0"
         version="3.1.1"
         unpack="false">
   </plugin>

   <plugin
         id="org.eclipse.gef.examples.source"
         download-size="0"
         install-size="0"
         version="3.1.1">
   </plugin>
   
   <plugin
         id="org.eclipse.gef.examples.text"
         download-size="0"
         install-size="0"
         version="3.1.1"
         unpack="false">
    </plugin>

</feature>
