<?xml version="1.0" encoding="UTF-8"?>
<feature
      id="org.eclipse.ve"
      label="%featureName"
      version="1.1.0.1"
      provider-name="%providerName"
      image="eclipse_update_120.jpg">

   <description>
      %description
   </description>

   <license url="%licenseURL">
      %license
   </license>

   <url>
      <update label="%updateSiteName" url="http://update.eclipse.org/tools/ve/updates/1.0/"/>
      <discovery label="%updateSiteName" url="http://update.eclipse.org/tools/ve/updates/1.0/"/>      
   </url>

   <includes
         id="org.eclipse.jem"
         version="1.1.0.1"/>

   <requires>
      <import feature="org.eclipse.jdt" version="3.1.0"/>
      <import feature="org.eclipse.emf" version="2.1.0"/>
      <import feature="org.eclipse.gef" version="3.1.0"/>
   </requires>

   <plugin
         id="org.eclipse.ve"
         download-size="0"
         install-size="0"
         version="1.1.0"/>

   <plugin
         id="org.eclipse.ve.cde"
         download-size="0"
         install-size="0"
         version="1.1.0.1"/>

   <plugin
         id="org.eclipse.ve.java.core"
         download-size="0"
         install-size="0"
         version="1.1.0.1"/>

   <plugin
         id="org.eclipse.ve.jfc"
         download-size="0"
         install-size="0"
         version="1.1.0.1"/>

   <plugin
         id="org.eclipse.ve.propertysheet"
         download-size="0"
         install-size="0"
         version="1.1.0.1"/>

   <plugin
         id="org.eclipse.ve.doc"
         download-size="0"
         install-size="0"
         version="1.1.0"/>

   <plugin
         id="org.eclipse.ve.swt"
         download-size="0"
         install-size="0"
         version="1.1.0.1"/>

</feature>
