<?xml version="1.0" encoding="UTF-8"?>
<feature
      id="org.eclipse.gef"
      label="%featureName"
      version="3.1.0"
      image= "eclipse_update_120.jpg"
      provider-name="%providerName">

   <description>
      %description
   </description>

   <license url="%licenseURL">
     %license
   </license>

   <url>
      <update
         url="http://update.eclipse.org/updates"
         label="%updateSiteName">
      </update>
   </url>

  <requires>
  	  <import plugin="org.eclipse.platform" version="3.1.0" match="compatible" />
  </requires>
  
   <plugin
         id="org.eclipse.draw2d"
         download-size="0"
         install-size="0"
         version="3.1.0"
         unpack="false">
   </plugin>

   <plugin
         id="org.eclipse.gef"
         download-size="0"
         install-size="0"
         version="3.1.0"
         unpack="false">
   </plugin>

</feature>
